id,行业,产品,省份,地市,介入阶段,ETL_TIME
1,WA,3G,浙江省,金华市,申请预算,2019/11/11 17:48
2,WA,网综平台,浙江省,台州市,申请采购流程,2019/11/11 17:48
3,WA,大数据,浙江省,温州市,准备招标文件,2019/11/11 17:48
4,WA,3G,浙江省,丽水市,制作技标文件,2019/11/11 17:48
5,WA,4G,安徽省,合肥市,投标,2019/11/11 17:48
6,WA,网综平台,安徽省,宿州市,中标/未中标,2019/11/11 17:48
7,WA,网综平台,安徽省,淮北市,未介入,2019/11/11 17:48
8,WA,网综平台,安徽省,阜阳市,制作技标文件,2019/11/11 17:48
9,WA,大数据,安徽省,蚌埠市,制作技标文件,2019/11/11 17:48
10,WA,大数据,安徽省,淮南市,制作技标文件,2019/11/11 17:48
11,WA,大数据,安徽省,滁州市,制作技标文件,2019/11/11 17:48
12,WA,网综平台,安徽省,马鞍山市,制作技标文件,2019/11/11 17:48
13,WA,大数据,安徽省,芜湖市,投标,2019/11/11 17:48
14,WA,大数据,安徽省,铜陵市,投标,2019/11/11 17:48
15,WA,3G,安徽省,安庆市,投标,2019/11/11 17:48
16,WA,3G,安徽省,黄山市,投标,2019/11/11 17:48
17,WA,网综平台,安徽省,六安市,投标,2019/11/11 17:48
18,WA,大数据,安徽省,巢湖市,中标/未中标,2019/11/11 17:48
19,WA,大数据,安徽省,池州市,中标/未中标,2019/11/11 17:48
20,WA,网综平台,安徽省,宣城市,中标/未中标,2019/11/11 17:48
21,WA,大数据,福建省,福州市,中标/未中标,2019/11/11 17:48
22,WA,3G,福建省,南平市,中标/未中标,2019/11/11 17:48
23,WA,4G,福建省,三明市,中标/未中标,2019/11/11 17:48
24,WA,网综平台,福建省,莆田市,未介入,2019/11/11 17:48
25,WA,网综平台,福建省,泉州市,未介入,2019/11/11 17:48
26,WA,大数据,福建省,厦门市,未介入,2019/11/11 17:48
27,WA,大数据,福建省,漳州市,未介入,2019/11/11 17:48
28,WA,网综平台,福建省,龙岩市,未介入,2019/11/11 17:48
29,WA,大数据,福建省,宁德市,未介入,2019/11/11 17:48
30,WA,大数据,江西省,南昌市,申请预算,2019/11/11 17:48
31,WA,3G,江西省,九江市,申请预算,2019/11/11 17:48
32,WA,3G,江西省,景德镇市,申请预算,2019/11/11 17:48
33,WA,网综平台,江西省,鹰潭市,申请预算,2019/11/11 17:48
34,WA,大数据,江西省,新余市,申请预算,2019/11/11 17:48
35,WA,大数据,江西省,萍乡市,申请预算,2019/11/11 17:48
36,WA,3G,江西省,赣州市,申请预算,2019/11/11 17:48
37,WA,3G,江西省,上饶市,申请采购流程,2019/11/11 17:48
38,WA,大数据,江西省,抚州市,申请采购流程,2019/11/11 17:48
39,WA,网综平台,江西省,宜春市,申请采购流程,2019/11/11 17:48
40,WA,大数据,江西省,吉安市,申请采购流程,2019/11/11 17:48
41,WA,大数据,山东省,济南市,申请采购流程,2019/11/11 17:48
42,WA,3G,山东省,聊城市,申请采购流程,2019/11/11 17:48
43,WA,3G,山东省,德州市,申请采购流程,2019/11/11 17:48
44,WA,网综平台,山东省,东营市,申请预算,2019/11/11 17:48
45,WA,大数据,山东省,淄博市,申请采购流程,2019/11/11 17:48
46,WA,大数据,山东省,潍坊市,准备招标文件,2019/11/11 17:48
47,WA,3G,山东省,烟台市,制作技标文件,2019/11/11 17:48
48,WA,网综平台,山东省,威海市,投标,2019/11/11 17:48
49,WA,大数据,山东省,青岛市,中标/未中标,2019/11/11 17:48
50,WA,3G,山东省,日照市,未介入,2019/11/11 17:48
51,WA,4G,山东省,临沂市,制作技标文件,2019/11/11 17:48
52,WA,网综平台,山东省,枣庄市,制作技标文件,2019/11/11 17:48
53,WA,网综平台,山东省,济宁市,制作技标文件,2019/11/11 17:48
54,WA,大数据,山东省,泰安市,制作技标文件,2019/11/11 17:48
55,WA,网综平台,山东省,莱芜市,制作技标文件,2019/11/11 17:48
56,WA,大数据,山东省,滨州市,投标,2019/11/11 17:48
57,WA,大数据,山东省,菏泽市,投标,2019/11/11 17:48
58,WA,3G,河南省,郑州市,投标,2019/11/11 17:48
59,WA,网综平台,河南省,三门峡市,投标,2019/11/11 17:48
60,WA,大数据,河南省,洛阳市,投标,2019/11/11 17:48
61,WA,网综平台,河南省,焦作市,中标/未中标,2019/11/11 17:48
62,WA,大数据,河南省,新乡市,中标/未中标,2019/11/11 17:48
63,WA,大数据,河南省,鹤壁市,中标/未中标,2019/11/11 17:48
64,WA,3G,河南省,安阳市,中标/未中标,2019/11/11 17:48
65,WA,3G,河南省,濮阳市,中标/未中标,2019/11/11 17:48
66,WA,网综平台,河南省,开封市,中标/未中标,2019/11/11 17:48
67,WA,大数据,河南省,商丘市,未介入,2019/11/11 17:48
68,WA,网综平台,河南省,许昌市,未介入,2019/11/11 17:48
69,WA,大数据,河南省,漯河市,未介入,2019/11/11 17:48
70,WA,3G,河南省,平顶山市,未介入,2019/11/11 17:48
71,WA,4G,河南省,南阳市,未介入,2019/11/11 17:48
72,WA,网综平台,河南省,信阳市,未介入,2019/11/11 17:48
73,WA,网综平台,河南省,周口市,申请预算,2019/11/11 17:48
74,WA,大数据,河南省,驻马店市,申请预算,2019/11/11 17:48
75,WA,大数据,湖北省,武汉市,申请预算,2019/11/11 17:48
76,WA,大数据,湖北省,十堰市,申请预算,2019/11/11 17:48
77,WA,网综平台,湖北省,襄阳市,申请预算,2019/11/11 17:48
78,WA,大数据,湖北省,荆门市,申请预算,2019/11/11 17:48
79,WA,大数据,湖北省,孝感市,申请预算,2019/11/11 17:48
80,WA,3G,湖北省,黄冈市,申请采购流程,2019/11/11 17:48
81,WA,大数据,湖北省,鄂州市,申请采购流程,2019/11/11 17:48
82,WA,网综平台,湖北省,黄石市,申请采购流程,2019/11/11 17:48
83,WA,大数据,湖北省,咸宁市,申请预算,2019/11/11 17:48
84,WA,大数据,湖北省,荆州市,申请采购流程,2019/11/11 17:48
85,WA,3G,湖北省,宜昌市,准备招标文件,2019/11/11 17:48
86,WA,3G,湖北省,恩施土家族苗族自治州,制作技标文件,2019/11/11 17:48
87,WA,网综平台,湖南省,长沙市,投标,2019/11/11 17:48
88,WA,大数据,湖南省,张家界市,中标/未中标,2019/11/11 17:48
89,WA,网综平台,湖南省,常德市,未介入,2019/11/11 17:48
90,WA,大数据,湖南省,益阳市,制作技标文件,2019/11/11 17:48
91,WA,3G,湖南省,岳阳市,制作技标文件,2019/11/11 17:48
92,WA,4G,湖南省,株洲市,制作技标文件,2019/11/11 17:48
93,WA,网综平台,湖南省,湘潭市,制作技标文件,2019/11/11 17:48
94,WA,网综平台,湖南省,衡阳市,制作技标文件,2019/11/11 17:48
95,WA,大数据,湖南省,郴州市,投标,2019/11/11 17:48
96,WA,大数据,湖南省,永州市,投标,2019/11/11 17:48
97,WA,大数据,湖南省,邵阳市,投标,2019/11/11 17:48
98,WA,网综平台,湖南省,怀化市,投标,2019/11/11 17:48
99,WA,网综平台,湖南省,娄底市,投标,2019/11/11 17:48
100,WA,大数据,湖南省,湘西土家族苗族自治州,中标/未中标,2019/11/11 17:48
101,WA,3G,广东省,广州市,中标/未中标,2019/11/11 17:48
102,WA,4G,广东省,清远市,中标/未中标,2019/11/11 17:48
103,WA,网综平台,广东省,韶关市,中标/未中标,2019/11/11 17:48
104,WA,网综平台,广东省,河源市,中标/未中标,2019/11/11 17:48
105,WA,大数据,广东省,梅州市,中标/未中标,2019/11/11 17:48
106,WA,大数据,广东省,潮州市,未介入,2019/11/11 17:48
107,WA,3G,广东省,汕头市,未介入,2019/11/11 17:48
108,WA,3G,广东省,揭阳市,未介入,2019/11/11 17:48
109,WA,网综平台,广东省,汕尾市,未介入,2019/11/11 17:48
110,WA,大数据,广东省,惠州市,未介入,2019/11/11 17:48
111,WA,网综平台,广东省,东莞市,未介入,2019/11/11 17:48
112,WA,大数据,广东省,深圳市,申请预算,2019/11/11 17:48
113,WA,3G,广东省,珠海市,申请预算,2019/11/11 17:48
114,WA,4G,广东省,江门市,申请预算,2019/11/11 17:48
115,WA,网综平台,广东省,佛山市,申请预算,2019/11/11 17:48
116,WA,网综平台,广东省,肇庆市,申请预算,2019/11/11 17:48
117,WA,大数据,广东省,云浮市,申请预算,2019/11/11 17:48
118,WA,大数据,广东省,阳江市,申请预算,2019/11/11 17:48
119,WA,大数据,广东省,茂名市,申请采购流程,2019/11/11 17:48
120,WA,网综平台,广东省,湛江市,申请采购流程,2019/11/11 17:48
121,WA,大数据,海南省,海口市,申请采购流程,2019/11/11 17:48
122,WA,网综平台,海南省,三亚市,申请采购流程,2019/11/11 17:48
123,WA,大数据,海南省,五指山市,申请采购流程,2019/11/11 17:48
124,WA,3G,四川省,成都市,申请采购流程,2019/11/11 17:48
125,WA,4G,四川省,广元市,申请预算,2019/11/11 17:48
126,WA,网综平台,四川省,绵阳市,申请采购流程,2019/11/11 17:48
127,WA,网综平台,四川省,德阳市,准备招标文件,2019/11/11 17:48
128,WA,大数据,四川省,南充市,制作技标文件,2019/11/11 17:48
129,WA,3G,四川省,广安市,投标,2019/11/11 17:48
130,WA,3G,四川省,遂宁市,中标/未中标,2019/11/11 17:48
131,WA,网综平台,四川省,内江市,未介入,2019/11/11 17:48
132,WA,大数据,四川省,乐山市,制作技标文件,2019/11/11 17:48
133,WA,大数据,四川省,自贡市,制作技标文件,2019/11/11 17:48
134,WA,网综平台,四川省,泸州市,制作技标文件,2019/11/11 17:48
135,WA,大数据,四川省,宜宾市,制作技标文件,2019/11/11 17:48
136,WA,3G,四川省,攀枝花市,制作技标文件,2019/11/11 17:48
137,WA,4G,四川省,巴中市,投标,2019/11/11 17:48
138,WA,网综平台,四川省,达州市,投标,2019/11/11 17:48
139,WA,网综平台,四川省,资阳市,投标,2019/11/11 17:48
140,WA,大数据,四川省,眉山市,投标,2019/11/11 17:48
141,WA,大数据,四川省,雅安市,投标,2019/11/11 17:48
142,WA,网综平台,四川省,阿坝藏族羌族自治州,中标/未中标,2019/11/11 17:48
143,WA,大数据,四川省,甘孜藏族自治州,中标/未中标,2019/11/11 17:48
144,WA,大数据,四川省,凉山彝族自治州,中标/未中标,2019/11/11 17:48
145,WA,3G,贵州省,贵阳市,中标/未中标,2019/11/11 17:48
146,WA,网综平台,贵州省,六盘水市,中标/未中标,2019/11/11 17:48
147,WA,大数据,贵州省,遵义市,中标/未中标,2019/11/11 17:48
148,WA,3G,贵州省,毕节地区,未介入,2019/11/11 17:48
149,WA,4G,贵州省,铜仁地区,未介入,2019/11/11 17:48
150,WA,网综平台,贵州省,安顺市,未介入,2019/11/11 17:48
151,WA,网综平台,贵州省,黔东南苗族侗族自治州,未介入,2019/11/11 17:48
152,WA,3G,贵州省,黔南布依族苗族自治州,未介入,2019/11/11 17:48
153,WA,3G,贵州省,黔西南布依族苗族自治州,未介入,2019/11/11 17:48
154,WA,网综平台,云南省,昆明市,申请预算,2019/11/11 17:48
155,WA,大数据,云南省,曲靖市,申请预算,2019/11/11 17:48
156,WA,大数据,云南省,玉溪市,申请预算,2019/11/11 17:48
157,WA,网综平台,云南省,丽江市,申请预算,2019/11/11 17:48
158,WA,大数据,云南省,昭通市,申请预算,2019/11/11 17:48
159,WA,3G,云南省,思茅市,申请预算,2019/11/11 17:48
160,WA,4G,云南省,临沧市,申请预算,2019/11/11 17:48
161,WA,网综平台,云南省,保山市,申请采购流程,2019/11/11 17:48
162,WA,网综平台,云南省,德宏傣族景颇族自治州,申请采购流程,2019/11/11 17:48
163,WA,大数据,云南省,怒江僳僳族自治州,申请采购流程,2019/11/11 17:48
164,WA,大数据,云南省,迪庆藏族自治州,申请采购流程,2019/11/11 17:48
165,WA,网综平台,云南省,大理白族自治州,申请采购流程,2019/11/11 17:48
166,WA,网综平台,云南省,楚雄彝族自治州,申请采购流程,2019/11/11 17:48
167,WA,大数据,云南省,红河哈尼族彝族自治州,申请预算,2019/11/11 17:48
168,WA,3G,云南省,文山壮族苗族自治州,申请采购流程,2019/11/11 17:48
169,WA,4G,云南省,西双版纳傣族自治州,准备招标文件,2019/11/11 17:48
170,WA,网综平台,陕西省,西安市,制作技标文件,2019/11/11 17:48
171,WA,网综平台,陕西省,延安市,投标,2019/11/11 17:48
172,WA,网综平台,陕西省,铜川市,中标/未中标,2019/11/11 17:48
173,WA,大数据,陕西省,渭南市,未介入,2019/11/11 17:48
174,WA,大数据,陕西省,咸阳市,制作技标文件,2019/11/11 17:48
175,WA,3G,陕西省,宝鸡市,制作技标文件,2019/11/11 17:48
176,WA,3G,陕西省,汉中市,制作技标文件,2019/11/11 17:48
177,WA,网综平台,陕西省,榆林市,制作技标文件,2019/11/11 17:48
178,WA,大数据,陕西省,商洛市,制作技标文件,2019/11/11 17:48
179,WA,大数据,陕西省,安康市,投标,2019/11/11 17:48
180,WA,3G,甘肃省,兰州市,投标,2019/11/11 17:48
181,WA,网综平台,甘肃省,嘉峪关市,投标,2019/11/11 17:48
182,WA,大数据,甘肃省,金昌市,投标,2019/11/11 17:48
183,WA,3G,甘肃省,白银市,投标,2019/11/11 17:48
184,WA,4G,甘肃省,天水市,中标/未中标,2019/11/11 17:48
185,WA,网综平台,甘肃省,酒泉市,中标/未中标,2019/11/11 17:48
186,WA,网综平台,甘肃省,张掖市,中标/未中标,2019/11/11 17:48
187,WA,大数据,甘肃省,武威市,中标/未中标,2019/11/11 17:48
188,WA,网综平台,甘肃省,庆阳市,中标/未中标,2019/11/11 17:48
189,WA,大数据,甘肃省,平凉市,中标/未中标,2019/11/11 17:48
190,WA,网综平台,甘肃省,定西市,未介入,2019/11/11 17:48
191,WA,大数据,甘肃省,陇南市,未介入,2019/11/11 17:48
192,WA,3G,甘肃省,临夏回族自治州,未介入,2019/11/11 17:48
193,WA,4G,甘肃省,甘南藏族自治州,未介入,2019/11/11 17:48
194,WA,网综平台,青海省,西宁市,未介入,2019/11/11 17:48
195,WA,网综平台,青海省,海东地区,未介入,2019/11/11 17:48
196,WA,大数据,青海省,海北藏族自治州,申请预算,2019/11/11 17:48
197,WA,大数据,青海省,海南藏族自治州,申请预算,2019/11/11 17:48
198,WA,3G,青海省,黄南藏族自治州,申请预算,2019/11/11 17:48
199,WA,3G,青海省,果洛藏族自治州,申请预算,2019/11/11 17:48
200,WA,网综平台,青海省,玉树藏族自治州,申请预算,2019/11/11 17:48
201,WA,大数据,青海省,海西蒙古族藏族自治州,申请预算,2019/11/11 17:48
202,WA,网综平台,内蒙古自治区,呼和浩特市,申请预算,2019/11/11 17:48
203,WA,大数据,内蒙古自治区,包头市,申请采购流程,2019/11/11 17:48
204,WA,3G,内蒙古自治区,乌海市,申请采购流程,2019/11/11 17:48
205,WA,4G,内蒙古自治区,赤峰市,申请采购流程,2019/11/11 17:48
206,WA,网综平台,内蒙古自治区,呼伦贝尔市,申请采购流程,2019/11/11 17:48
207,WA,网综平台,内蒙古自治区,兴安盟,申请采购流程,2019/11/11 17:48
208,WA,大数据,内蒙古自治区,锡林郭勒盟,申请采购流程,2019/11/11 17:48
209,WA,大数据,内蒙古自治区,乌兰察布市,申请预算,2019/11/11 17:48
210,WA,大数据,内蒙古自治区,鄂尔多斯市,申请采购流程,2019/11/11 17:48
211,WA,网综平台,内蒙古自治区,巴彦淖尔市,准备招标文件,2019/11/11 17:48
212,WA,大数据,内蒙古自治区,阿拉善盟,制作技标文件,2019/11/11 17:48
213,WA,网综平台,广西壮族自治区,南宁市,投标,2019/11/11 17:48
214,WA,大数据,广西壮族自治区,桂林市,中标/未中标,2019/11/11 17:48
215,WA,3G,广西壮族自治区,柳州市,未介入,2019/11/11 17:48
216,WA,4G,广西壮族自治区,梧州市,制作技标文件,2019/11/11 17:48
217,WA,网综平台,广西壮族自治区,贵港市,制作技标文件,2019/11/11 17:48
218,WA,大数据,广西壮族自治区,玉林市,制作技标文件,2019/11/11 17:48
219,WA,3G,广西壮族自治区,钦州市,制作技标文件,2019/11/11 17:48
220,WA,4G,广西壮族自治区,北海市,制作技标文件,2019/11/11 17:48
221,WA,网综平台,广西壮族自治区,防城港市,投标,2019/11/11 17:48
222,WA,网综平台,广西壮族自治区,百色市,投标,2019/11/11 17:48
223,WA,大数据,广西壮族自治区,河池市,投标,2019/11/11 17:48
224,WA,网综平台,广西壮族自治区,贺州市,投标,2019/11/11 17:48
225,WA,大数据,西藏自治区,拉萨市,投标,2019/11/11 17:48
226,WA,3G,西藏自治区,那曲地区,中标/未中标,2019/11/11 17:48
227,WA,4G,西藏自治区,昌都地区,中标/未中标,2019/11/11 17:48
228,WA,网综平台,西藏自治区,林芝地区,中标/未中标,2019/11/11 17:48
229,WA,网综平台,西藏自治区,山南地区,中标/未中标,2019/11/11 17:48
230,WA,大数据,西藏自治区,日喀则地区,中标/未中标,2019/11/11 17:48
231,WA,大数据,西藏自治区,阿里地区,中标/未中标,2019/11/11 17:48
232,WA,大数据,宁夏回族自治区,银川市,未介入,2019/11/11 17:48
233,WA,网综平台,宁夏回族自治区,石嘴山市,未介入,2019/11/11 17:48
234,WA,网综平台,宁夏回族自治区,吴忠市,未介入,2019/11/11 17:48
235,WA,大数据,宁夏回族自治区,固原市,未介入,2019/11/11 17:48
236,WA,3G,新疆维吾尔自治区,乌鲁木齐市,未介入,2019/11/11 17:48
237,WA,4G,新疆维吾尔自治区,克拉玛依市,未介入,2019/11/11 17:48
238,WA,网综平台,新疆维吾尔自治区,喀什地区,申请预算,2019/11/11 17:48
239,WA,网综平台,新疆维吾尔自治区,阿克苏地区,申请预算,2019/11/11 17:48
240,WA,网综平台,新疆维吾尔自治区,和田地区,申请预算,2019/11/11 17:48
241,WA,大数据,新疆维吾尔自治区,吐鲁番地区,申请预算,2019/11/11 17:48
242,WA,大数据,新疆维吾尔自治区,哈密地区,申请预算,2019/11/11 17:48
243,WA,3G,新疆维吾尔自治区,克孜勒苏柯尔克孜自治州,申请预算,2019/11/11 17:48
244,WA,3G,新疆维吾尔自治区,博尔塔拉蒙古自治州,申请预算,2019/11/11 17:48
245,WA,网综平台,新疆维吾尔自治区,昌吉回族自治州,申请采购流程,2019/11/11 17:48
246,WA,大数据,新疆维吾尔自治区,巴音郭楞蒙古自治州,申请采购流程,2019/11/11 17:48
247,WA,网综平台,新疆维吾尔自治区,伊犁哈萨克自治州,申请采购流程,2019/11/11 17:48
248,WA,大数据,新疆维吾尔自治区,塔城地区,申请采购流程,2019/11/11 17:48
249,WA,3G,新疆维吾尔自治区,阿勒泰地区,申请采购流程,2019/11/11 17:48
250,WA,4G,北京市,崇文区,申请采购流程,2019/11/11 17:48
251,WA,网综平台,北京市,宣武区,申请预算,2019/11/11 17:48
252,WA,网综平台,北京市,朝阳区,申请采购流程,2019/11/11 17:48
253,WA,大数据,北京市,丰台区,准备招标文件,2019/11/11 17:48
254,WA,大数据,北京市,石景山区,制作技标文件,2019/11/11 17:48
255,WA,大数据,北京市,海淀区,投标,2019/11/11 17:48
256,WA,网综平台,北京市,门头沟区,中标/未中标,2019/11/11 17:48
257,WA,大数据,北京市,房山区,未介入,2019/11/11 17:48
258,WA,大数据,北京市,通州区,制作技标文件,2019/11/11 17:48
259,WA,3G,北京市,顺义区,制作技标文件,2019/11/11 17:48
260,WA,网综平台,北京市,昌平区,制作技标文件,2019/11/11 17:48
261,WA,大数据,北京市,大兴区,制作技标文件,2019/11/11 17:48
262,WA,网综平台,北京市,怀柔区,制作技标文件,2019/11/11 17:48
263,WA,大数据,北京市,平谷区,投标,2019/11/11 17:48
264,WA,3G,北京市,密云县,投标,2019/11/11 17:48
265,WA,4G,北京市,延庆县,投标,2019/11/11 17:48
266,WA,网综平台,上海市,徐汇区,投标,2019/11/11 17:48
267,WA,网综平台,上海市,长宁区,投标,2019/11/11 17:48
268,WA,大数据,上海市,静安区,中标/未中标,2019/11/11 17:48
269,WA,3G,上海市,普陀区,中标/未中标,2019/11/11 17:48
270,WA,3G,上海市,闸北区,中标/未中标,2019/11/11 17:48
271,WA,网综平台,上海市,虹口区,中标/未中标,2019/11/11 17:48
272,WA,大数据,上海市,杨浦区,中标/未中标,2019/11/11 17:48
273,WA,大数据,上海市,闵行区,中标/未中标,2019/11/11 17:48
274,WA,3G,上海市,宝山区,未介入,2019/11/11 17:48
275,WA,3G,上海市,嘉定区,未介入,2019/11/11 17:48
276,WA,大数据,上海市,浦东新区,未介入,2019/11/11 17:48
277,WA,网综平台,上海市,金山区,未介入,2019/11/11 17:48
278,WA,大数据,上海市,松江区,未介入,2019/11/11 17:48
279,WA,大数据,上海市,青浦区,未介入,2019/11/11 17:48
280,WA,3G,上海市,南汇区,申请预算,2019/11/11 17:48
281,WA,3G,上海市,奉贤区,申请预算,2019/11/11 17:48
282,WA,网综平台,上海市,崇明县,申请预算,2019/11/11 17:48
283,WA,大数据,天津市,河西区,申请预算,2019/11/11 17:48
284,WA,大数据,天津市,南开区,申请预算,2019/11/11 17:48
285,WA,网综平台,天津市,河北区,申请预算,2019/11/11 17:48
286,WA,大数据,天津市,红桥区,申请预算,2019/11/11 17:48
287,WA,3G,天津市,塘沽区,申请采购流程,2019/11/11 17:48
288,WA,4G,天津市,汉沽区,申请采购流程,2019/11/11 17:48
289,WA,网综平台,天津市,大港区,申请采购流程,2019/11/11 17:48
290,WA,网综平台,天津市,东丽区,申请采购流程,2019/11/11 17:48
291,WA,大数据,天津市,西青区,申请采购流程,2019/11/11 17:48
292,WA,大数据,天津市,津南区,申请采购流程,2019/11/11 17:48
293,WA,网综平台,天津市,北辰区,申请预算,2019/11/11 17:48
294,WA,大数据,天津市,武清区,申请采购流程,2019/11/11 17:48
295,WA,3G,天津市,宝坻区,准备招标文件,2019/11/11 17:48
296,WA,4G,天津市,宁河县,制作技标文件,2019/11/11 17:48
297,WA,网综平台,天津市,静海县,投标,2019/11/11 17:48
298,WA,网综平台,天津市,蓟县,中标/未中标,2019/11/11 17:48
299,WA,网综平台,内蒙古自治区,通辽市,未介入,2019/11/11 17:48
300,WA,网综平台,安徽省,亳州市,制作技标文件,2019/11/11 17:48
301,WA,网综平台,浙江省,衢州市,制作技标文件,2019/11/11 17:48
302,WA,网综平台,湖北省,随州市,制作技标文件,2019/11/11 17:48
303,WA,网综平台,湖北省,仙桃市,制作技标文件,2019/11/11 17:48
304,WA,网综平台,湖北省,潜江市,制作技标文件,2019/11/11 17:48
305,WA,网综平台,湖北省,天门市,投标,2019/11/11 17:48
306,WA,网综平台,湖北省,神农架林区,投标,2019/11/11 17:48
307,WA,大数据,河南省,济源市,投标,2019/11/11 17:48
308,WA,大数据,广东省,中山市,投标,2019/11/11 17:48
309,WA,大数据,海南省,琼海市,投标,2019/11/11 17:48
310,WA,大数据,海南省,儋州市,中标/未中标,2019/11/11 17:48
311,WA,大数据,海南省,文昌市,中标/未中标,2019/11/11 17:48
312,WA,大数据,海南省,万宁市,中标/未中标,2019/11/11 17:48
313,WA,大数据,海南省,东方市,中标/未中标,2019/11/11 17:48
314,WA,3G,海南省,定安县,中标/未中标,2019/11/11 17:48
315,WA,3G,海南省,屯昌县,中标/未中标,2019/11/11 17:48
316,WA,3G,海南省,澄迈县,未介入,2019/11/11 17:48
317,WA,3G,海南省,临高县,未介入,2019/11/11 17:48
318,WA,3G,海南省,白沙黎族自治县,未介入,2019/11/11 17:48
319,WA,3G,海南省,昌江黎族自治县,未介入,2019/11/11 17:48
320,WA,3G,海南省,乐东黎族自治县,未介入,2019/11/11 17:48
321,WA,3G,海南省,陵水黎族自治县,未介入,2019/11/11 17:48
322,WA,3G,海南省,保亭黎族苗族自治县,申请预算,2019/11/11 17:48
323,WA,3G,海南省,琼中黎族苗族自治县,申请预算,2019/11/11 17:48
324,WA,3G,广西壮族自治区,来宾市,申请预算,2019/11/11 17:48
325,WA,4G,广西壮族自治区,崇左市,申请预算,2019/11/11 17:48
326,WA,4G,宁夏回族自治区,中卫市,申请预算,2019/11/11 17:48
327,WA,4G,新疆维吾尔自治区,石河子市,申请预算,2019/11/11 17:48
328,WA,4G,新疆维吾尔自治区,阿拉尔市,申请预算,2019/11/11 17:48
329,WA,4G,新疆维吾尔自治区,图木舒克市,申请采购流程,2019/11/11 17:48
330,WA,4G,新疆维吾尔自治区,五家渠市,申请采购流程,2019/11/11 17:48
331,WA,4G,台湾省,台北市,申请采购流程,2019/11/11 17:48
332,WA,网综平台,台湾省,高雄市,申请采购流程,2019/11/11 17:48
333,WA,网综平台,台湾省,基隆市,申请采购流程,2019/11/11 17:48
334,WA,大数据,台湾省,台中市,申请采购流程,2019/11/11 17:48
335,WA,大数据,台湾省,台南市,申请预算,2019/11/11 17:48
336,WA,网综平台,台湾省,新竹市,申请采购流程,2019/11/11 17:48
337,WA,网综平台,台湾省,嘉义市,准备招标文件,2019/11/11 17:48
338,WA,网综平台,重庆市,渝中区,制作技标文件,2019/11/11 17:48
339,WA,大数据,重庆市,大渡口区,投标,2019/11/11 17:48
340,WA,大数据,重庆市,江北区,中标/未中标,2019/11/11 17:48
341,WA,大数据,重庆市,沙坪坝区,未介入,2019/11/11 17:48
342,WA,大数据,重庆市,九龙坡区,制作技标文件,2019/11/11 17:48
343,WA,大数据,重庆市,南岸区,制作技标文件,2019/11/11 17:48
344,WA,大数据,重庆市,北碚区,制作技标文件,2019/11/11 17:48
345,WA,3G,重庆市,万盛区,制作技标文件,2019/11/11 17:48
346,WA,3G,重庆市,双桥区,制作技标文件,2019/11/11 17:48
347,WA,3G,重庆市,渝北区,投标,2019/11/11 17:48
348,WA,3G,重庆市,巴南区,投标,2019/11/11 17:48
349,WA,3G,重庆市,黔江区,投标,2019/11/11 17:48
350,WA,3G,重庆市,长寿区,投标,2019/11/11 17:48
351,WA,3G,重庆市,江津区,投标,2019/11/11 17:48
352,WA,3G,重庆市,合川区,中标/未中标,2019/11/11 17:48
353,WA,4G,重庆市,永川区,中标/未中标,2019/11/11 17:48
354,WA,4G,重庆市,南川区,中标/未中标,2019/11/11 17:48
355,WA,4G,重庆市,綦江县,中标/未中标,2019/11/11 17:48
356,WA,4G,重庆市,潼南县,中标/未中标,2019/11/11 17:48
357,WA,4G,重庆市,铜梁县,中标/未中标,2019/11/11 17:48
358,WA,4G,重庆市,大足县,未介入,2019/11/11 17:48
359,WA,网综平台,重庆市,荣昌县,未介入,2019/11/11 17:48
360,WA,网综平台,重庆市,璧山县,未介入,2019/11/11 17:48
361,WA,网综平台,重庆市,梁平县,未介入,2019/11/11 17:48
362,WA,大数据,重庆市,城口县,未介入,2019/11/11 17:48
363,WA,大数据,重庆市,丰都县,未介入,2019/11/11 17:48
364,WA,3G,重庆市,垫江县,申请预算,2019/11/11 17:48
365,WA,3G,重庆市,武隆县,申请预算,2019/11/11 17:48
366,WA,3G,重庆市,忠县,申请预算,2019/11/11 17:48
367,WA,3G,重庆市,开县,申请预算,2019/11/11 17:48
368,WA,4G,重庆市,云阳县,申请预算,2019/11/11 17:48
369,WA,4G,重庆市,奉节县,申请预算,2019/11/11 17:48
370,WA,4G,重庆市,巫山县,申请预算,2019/11/11 17:48
371,WA,4G,重庆市,巫溪县,申请采购流程,2019/11/11 17:48
372,WA,4G,重庆市,石柱土家族自治县,申请采购流程,2019/11/11 17:48
373,WA,4G,重庆市,秀山土家族苗族自治县,申请采购流程,2019/11/11 17:48
374,WA,网综平台,重庆市,酉阳土家族苗族自治县,申请采购流程,2019/11/11 17:48
375,WA,网综平台,重庆市,彭水苗族土家族自治县,申请采购流程,2019/11/11 17:48
376,WA,网综平台,香港特别行政区,中西区,申请采购流程,2019/11/11 17:48
377,WA,大数据,香港特别行政区,湾仔区,申请预算,2019/11/11 17:48
378,WA,大数据,香港特别行政区,东区,申请采购流程,2019/11/11 17:48
379,WA,3G,香港特别行政区,南区,准备招标文件,2019/11/11 17:48
380,WA,3G,香港特别行政区,油尖旺区,制作技标文件,2019/11/11 17:48
381,WA,3G,香港特别行政区,深水肚,投标,2019/11/11 17:48
382,WA,3G,香港特别行政区,九龙城区,中标/未中标,2019/11/11 17:48
383,WA,4G,香港特别行政区,黄大仙区,未介入,2019/11/11 17:48
384,WA,网综平台,香港特别行政区,观塘区,制作技标文件,2019/11/11 17:48
385,WA,网综平台,香港特别行政区,荃湾区,制作技标文件,2019/11/11 17:48
386,WA,网综平台,香港特别行政区,葵青区,制作技标文件,2019/11/11 17:48
387,WA,大数据,香港特别行政区,沙田区,制作技标文件,2019/11/11 17:48
388,WA,大数据,香港特别行政区,西贡区,制作技标文件,2019/11/11 17:48
389,WA,大数据,香港特别行政区,大埔区,投标,2019/11/11 17:48
390,WA,网综平台,香港特别行政区,北区,投标,2019/11/11 17:48
391,WA,大数据,香港特别行政区,元朗区,投标,2019/11/11 17:48
392,WA,大数据,香港特别行政区,屯门区,投标,2019/11/11 17:48
393,WA,3G,香港特别行政区,离岛区,投标,2019/11/11 17:48
394,WA,3G,澳门特别行政区,澳门,中标/未中标,2019/11/11 17:48
395,WA,网综平台,海外省,海外地市,中标/未中标,2019/11/11 17:48
396,WA,大数据,新疆维吾尔自治区,第一师,中标/未中标,2019/11/11 17:48
397,WA,大数据,新疆维吾尔自治区,第二师,中标/未中标,2019/11/11 17:48
398,WA,3G,新疆维吾尔自治区,第三师,中标/未中标,2019/11/11 17:48
399,WA,3G,新疆维吾尔自治区,第四师,中标/未中标,2019/11/11 17:48
400,WA,网综平台,新疆维吾尔自治区,第五师,未介入,2019/11/11 17:48
401,WA,网综平台,新疆维吾尔自治区,第六师,未介入,2019/11/11 17:48
402,WA,网综平台,新疆维吾尔自治区,第七师,未介入,2019/11/11 17:48
403,WA,大数据,新疆维吾尔自治区,第八师,未介入,2019/11/11 17:48
404,WA,大数据,新疆维吾尔自治区,第九师,未介入,2019/11/11 17:48
405,WA,大数据,新疆维吾尔自治区,第十师,未介入,2019/11/11 17:48
406,WA,网综平台,新疆维吾尔自治区,第十一师,申请预算,2019/11/11 17:48
407,WA,大数据,新疆维吾尔自治区,第十二师,申请预算,2019/11/11 17:48
408,WA,大数据,新疆维吾尔自治区,第十三师,申请预算,2019/11/11 17:48
409,WA,3G,新疆维吾尔自治区,第十四师,申请预算,2019/11/11 17:48
410,WA,3G,北京市,东城区,申请预算,2019/11/11 17:48
411,WA,网综平台,北京市,西城区,申请预算,2019/11/11 17:48
412,WA,大数据,上海市,黄浦区,申请预算,2019/11/11 17:48
413,WA,大数据,上海市,卢湾区,申请采购流程,2019/11/11 17:48
414,WA,3G,天津市,和平区,申请采购流程,2019/11/11 17:48
415,WA,3G,天津市,河东区,申请采购流程,2019/11/11 17:48
416,WA,网综平台,重庆市,万州区,申请采购流程,2019/11/11 17:48
417,WA,网综平台,重庆市,涪陵区,申请采购流程,2019/11/11 17:48
418,WA,网综平台,河北省,石家庄市,申请采购流程,2019/11/11 17:48
419,WA,大数据,河北省,张家口市,申请预算,2019/11/11 17:48
420,WA,大数据,河北省,承德市,申请采购流程,2019/11/11 17:48
421,WA,大数据,河北省,秦皇岛市,准备招标文件,2019/11/11 17:48
422,WA,网综平台,河北省,廊坊市,制作技标文件,2019/11/11 17:48
423,WA,大数据,河北省,保定市,投标,2019/11/11 17:48
424,WA,大数据,河北省,沧州市,中标/未中标,2019/11/11 17:48
425,WA,3G,河北省,衡水市,未介入,2019/11/11 17:48
426,WA,3G,河北省,邢台市,制作技标文件,2019/11/11 17:48
427,WA,网综平台,河北省,邯郸市,制作技标文件,2019/11/11 17:48
428,WA,大数据,山西省,太原市,制作技标文件,2019/11/11 17:48
429,WA,大数据,山西省,大同市,制作技标文件,2019/11/11 17:48
430,WA,3G,山西省,朔州市,制作技标文件,2019/11/11 17:48
431,WA,3G,山西省,阳泉市,投标,2019/11/11 17:48
432,WA,网综平台,山西省,晋城市,投标,2019/11/11 17:48
433,WA,网综平台,山西省,忻州市,投标,2019/11/11 17:48
434,WA,大数据,山西省,吕梁市,投标,2019/11/11 17:48
435,WA,大数据,山西省,晋中市,投标,2019/11/11 17:48
436,WA,大数据,山西省,临汾市,中标/未中标,2019/11/11 17:48
437,WA,网综平台,山西省,运城市,中标/未中标,2019/11/11 17:48
438,WA,大数据,辽宁省,沈阳市,中标/未中标,2019/11/11 17:48
439,WA,大数据,辽宁省,朝阳市,中标/未中标,2019/11/11 17:48
440,WA,3G,辽宁省,阜新市,中标/未中标,2019/11/11 17:48
441,WA,3G,辽宁省,铁岭市,中标/未中标,2019/11/11 17:48
442,WA,网综平台,辽宁省,本溪市,未介入,2019/11/11 17:48
443,WA,大数据,辽宁省,辽阳市,未介入,2019/11/11 17:48
444,WA,大数据,辽宁省,鞍山市,未介入,2019/11/11 17:48
445,WA,3G,辽宁省,丹东市,未介入,2019/11/11 17:48
446,WA,3G,辽宁省,大连市,未介入,2019/11/11 17:48
447,WA,网综平台,辽宁省,营口市,未介入,2019/11/11 17:48
448,WA,网综平台,辽宁省,盘锦市,申请预算,2019/11/11 17:48
449,WA,大数据,辽宁省,葫芦岛市,申请预算,2019/11/11 17:48
450,WA,大数据,吉林省,长春市,申请预算,2019/11/11 17:48
451,WA,大数据,吉林省,白城市,申请预算,2019/11/11 17:48
452,WA,网综平台,吉林省,松原市,申请预算,2019/11/11 17:48
453,WA,大数据,吉林省,吉林市,申请预算,2019/11/11 17:48
454,WA,大数据,吉林省,辽源市,申请预算,2019/11/11 17:48
455,WA,3G,吉林省,通化市,申请采购流程,2019/11/11 17:48
456,WA,3G,吉林省,白山市,申请采购流程,2019/11/11 17:48
457,WA,网综平台,吉林省,延边朝鲜族自治州,申请采购流程,2019/11/11 17:48
458,WA,大数据,黑龙江省,哈尔滨市,申请采购流程,2019/11/11 17:48
459,WA,大数据,黑龙江省,齐齐哈尔市,申请采购流程,2019/11/11 17:48
460,WA,网综平台,黑龙江省,黑河市,申请采购流程,2019/11/11 17:48
461,WA,大数据,黑龙江省,伊春市,申请预算,2019/11/11 17:48
462,WA,3G,黑龙江省,鹤岗市,申请采购流程,2019/11/11 17:48
463,WA,4G,黑龙江省,佳木斯市,准备招标文件,2019/11/11 17:48
464,WA,网综平台,黑龙江省,双鸭山市,制作技标文件,2019/11/11 17:48
465,WA,网综平台,黑龙江省,七台河市,投标,2019/11/11 17:48
466,WA,大数据,黑龙江省,鸡西市,中标/未中标,2019/11/11 17:48
467,WA,大数据,黑龙江省,牡丹江市,未介入,2019/11/11 17:48
468,WA,网综平台,黑龙江省,大庆市,制作技标文件,2019/11/11 17:48
469,WA,大数据,黑龙江省,绥化市,制作技标文件,2019/11/11 17:48
470,WA,大数据,黑龙江省,大兴安岭地区,制作技标文件,2019/11/11 17:48
471,WA,3G,吉林省,四平市,制作技标文件,2019/11/11 17:48
472,WA,3G,辽宁省,抚顺市,制作技标文件,2019/11/11 17:48
473,WA,网综平台,辽宁省,锦州市,投标,2019/11/11 17:48
474,WA,大数据,山西省,长治市,投标,2019/11/11 17:48
475,WA,大数据,河北省,唐山市,投标,2019/11/11 17:48
476,WA,网综平台,江苏省,南京市,投标,2019/11/11 17:48
477,WA,大数据,江苏省,徐州市,投标,2019/11/11 17:48
478,WA,3G,江苏省,连云港市,中标/未中标,2019/11/11 17:48
479,WA,4G,江苏省,宿迁市,中标/未中标,2019/11/11 17:48
480,WA,网综平台,江苏省,淮安市,中标/未中标,2019/11/11 17:48
481,WA,网综平台,江苏省,盐城市,中标/未中标,2019/11/11 17:48
482,WA,网综平台,江苏省,扬州市,中标/未中标,2019/11/11 17:48
483,WA,网综平台,江苏省,泰州市,中标/未中标,2019/11/11 17:48
484,WA,大数据,江苏省,南通市,未介入,2019/11/11 17:48
485,WA,大数据,江苏省,镇江市,未介入,2019/11/11 17:48
486,WA,大数据,江苏省,常州市,未介入,2019/11/11 17:48
487,WA,网综平台,江苏省,无锡市,未介入,2019/11/11 17:48
488,WA,大数据,江苏省,苏州市,未介入,2019/11/11 17:48
489,WA,大数据,浙江省,杭州市,未介入,2019/11/11 17:48
490,WA,3G,浙江省,湖州市,申请预算,2019/11/11 17:48
491,WA,3G,浙江省,嘉兴市,申请预算,2019/11/11 17:48
492,WA,网综平台,浙江省,舟山市,申请预算,2019/11/11 17:48
493,WA,大数据,浙江省,宁波市,申请预算,2019/11/11 17:48
494,WA,大数据,浙江省,绍兴市,申请预算,2019/11/11 17:48
